letter;weight_I;relative_weight_I;weight_II;relative_weight_II;weight_III;relative_weight_III;weight_IV;relative_weight_IV;total_weight;relative_total_weight;center_y;center_x;relative_center_y;relative_center_x;inertia_y;inertia_x;relative_inertia_y;relative_inertia_x;profile_x;profile_y
а;28.55686274509804;0.017848039215686274;42.43921568627451;0.026524509803921566;57.84313725490196;0.03615196078431373;80.54901960784314;0.05034313725490196;209.38823529411764;0.03271691176470588;43.047758175075856;41.35404727122898;0.5380969771884482;0.5169255908903623;6614.216040724264;9972.879280994339;0.0001614798838067447;0.00024347849807115085;"0.0;0.0;0.0;0.0;0.0;0.0;0.0;0.0;0.0;0.0;0.0;0.0;0.0;0.0;0.0;0.0;0.0;0.0;0.0;0.0;0.0;0.0;0.0;0.0;0.0;0.0;0.0;0.0;0.0;0.0;0.0;0.19607843137254902;5.556862745098039;12.007843137254902;15.329411764705883;17.180392156862744;14.898039215686275;8.545098039215686;6.768627450980392;5.91764705882353;5.470588235294118;5.227450980392157;5.2;5.576470588235294;9.654901960784313;21.28235294117647;21.643137254901962;21.08627450980392;19.250980392156862;3.235294117647059;2.0980392156862746;1.7529411764705882;1.5098039215686274;0.0;0.0;0.0;0.0;0.0;0.0;0.0;0.0;0.0;0.0;0.0;0.0;0.0;0.0;0.0;0.0;0.0;0.0;0.0;0.0;0.0;0.0;0.0;0.0;0.0;0.0;0.0";"0.0;0.0;0.0;0.0;0.0;0.0;0.0;0.0;0.0;0.0;0.0;0.0;0.0;0.0;0.0;0.0;0.0;0.0;0.0;0.0;0.0;0.0;0.0;0.0;0.0;0.0;0.0;0.0;0.0;0.0;0.0;6.964705882352941;10.239215686274509;8.262745098039217;8.188235294117646;8.364705882352942;8.466666666666667;8.180392156862744;6.7254901960784315;5.603921568627451;7.956862745098039;8.070588235294117;7.8;7.737254901960784;7.8313725490196076;8.031372549019608;8.227450980392156;8.415686274509804;8.854901960784314;11.31764705882353;15.286274509803922;17.305882352941175;13.788235294117648;7.768627450980392;0.0;0.0;0.0;0.0;0.0;0.0;0.0;0.0;0.0;0.0;0.0;0.0;0.0;0.0;0.0;0.0;0.0;0.0;0.0;0.0;0.0;0.0;0.0;0.0;0.0;0.0"
ә;24.99607843137255;0.015622549019607843;55.80392156862745;0.03487745098039216;51.67843137254902;0.032299019607843135;66.90980392156862;0.04181862745098039;199.38823529411764;0.031154411764705882;41.87896310282433;41.88480450003934;0.5234870387853041;0.5235600562504917;6407.201176300904;9106.404466410906;0.0001564258099682838;0.000222324327793235;"0.0;0.0;0.0;0.0;0.0;0.0;0.0;0.0;0.0;0.0;0.0;0.0;0.0;0.0;0.0;0.0;0.0;0.0;0.0;0.0;0.0;0.0;0.0;0.0;0.0;0.0;0.0;0.0;0.0;0.0;0.0;0.03529411764705882;5.764705882352941;8.905882352941177;10.192156862745097;11.219607843137254;12.050980392156863;10.91764705882353;9.07843137254902;8.509803921568627;8.301960784313726;8.24313725490196;8.298039215686275;8.588235294117647;8.992156862745098;9.83921568627451;11.015686274509804;13.890196078431373;16.937254901960785;14.470588235294118;10.87843137254902;3.2588235294117647;0.0;0.0;0.0;0.0;0.0;0.0;0.0;0.0;0.0;0.0;0.0;0.0;0.0;0.0;0.0;0.0;0.0;0.0;0.0;0.0;0.0;0.0;0.0;0.0;0.0;0.0;0.0;0.0";"0.0;0.0;0.0;0.0;0.0;0.0;0.0;0.0;0.0;0.0;0.0;0.0;0.0;0.0;0.0;0.0;0.0;0.0;0.0;0.0;0.0;0.0;0.0;0.0;0.0;0.0;0.0;0.0;0.0;0.0;0.0;5.67843137254902;10.262745098039217;12.847058823529412;14.768627450980393;10.972549019607843;8.172549019607843;6.913725490196079;6.031372549019608;5.152941176470589;4.074509803921568;3.8627450980392157;3.6941176470588237;3.552941176470588;19.462745098039214;19.19607843137255;8.172549019607843;7.894117647058824;7.686274509803922;7.627450980392157;7.796078431372549;9.007843137254902;10.607843137254902;5.952941176470588;0.0;0.0;0.0;0.0;0.0;0.0;0.0;0.0;0.0;0.0;0.0;0.0;0.0;0.0;0.0;0.0;0.0;0.0;0.0;0.0;0.0;0.0;0.0;0.0;0.0;0.0"
б;72.72549019607843;0.045453431372549015;99.80392156862744;0.06237745098039215;60.36470588235294;0.03772794117647059;63.04705882352941;0.03940441176470588;295.94117647058823;0.04624080882352941;36.12858941231034;41.61869740939508;0.45160736765387927;0.5202337176174385;14528.858893942523;31997.569287619375;0.0003547084690903936;0.0007811906564360199;"0.0;0.0;0.0;0.0;0.0;0.0;0.0;0.0;0.0;0.0;0.0;0.0;0.0;0.0;0.0;0.0;0.0;0.0;0.0;0.0;0.0;0.0;0.0;0.0;0.0;0.0;0.0;0.0;0.0;0.0;0.00392156862745098;9.788235294117648;17.188235294117646;18.4;20.129411764705882;21.96470588235294;15.764705882352942;11.419607843137255;9.694117647058823;8.737254901960783;8.180392156862744;7.874509803921568;7.8313725490196076;7.862745098039215;8.270588235294118;8.862745098039216;9.992156862745098;11.854901960784314;16.79607843137255;21.815686274509805;19.54901960784314;16.498039215686273;12.63921568627451;4.815686274509804;0.00784313725490196;0.0;0.0;0.0;0.0;0.0;0.0;0.0;0.0;0.0;0.0;0.0;0.0;0.0;0.0;0.0;0.0;0.0;0.0;0.0;0.0;0.0;0.0;0.0;0.0;0.0";"0.0;0.0;0.0;0.0;0.0;0.0;0.0;0.0;0.0;0.0;0.0;0.0;0.0;0.0;0.0;0.0;0.0;0.0;1.4509803921568627;9.670588235294117;14.090196078431372;14.803921568627452;14.47843137254902;9.776470588235295;3.8666666666666667;3.019607843137255;2.556862745098039;2.2588235294117647;2.066666666666667;1.968627450980392;1.9098039215686275;8.094117647058823;12.52156862745098;10.341176470588236;9.737254901960783;9.729411764705882;9.949019607843137;10.105882352941176;10.137254901960784;9.996078431372549;9.894117647058824;9.772549019607844;9.647058823529411;9.380392156862746;9.239215686274509;8.890196078431373;8.658823529411764;8.309803921568628;8.07843137254902;7.905882352941177;7.984313725490196;8.592156862745098;10.717647058823529;6.341176470588235;0.0;0.0;0.0;0.0;0.0;0.0;0.0;0.0;0.0;0.0;0.0;0.0;0.0;0.0;0.0;0.0;0.0;0.0;0.0;0.0;0.0;0.0;0.0;0.0;0.0;0.0"
в;44.831372549019605;0.028019607843137253;48.41960784313726;0.030262254901960786;68.31764705882352;0.042698529411764705;83.98823529411764;0.052492647058823526;245.55686274509804;0.03836825980392157;42.10187329319514;41.83739240142454;0.5262734161649393;0.5229674050178067;8441.115017377664;12139.086863775325;0.00020608190960394687;0.0002963644253851398;"0.0;0.0;0.0;0.0;0.0;0.0;0.0;0.0;0.0;0.0;0.0;0.0;0.0;0.0;0.0;0.0;0.0;0.0;0.0;0.0;0.0;0.0;0.0;0.0;0.0;0.0;0.0;0.0;0.0;0.0;0.0;1.588235294117647;2.184313725490196;2.815686274509804;10.964705882352941;23.0;23.0;23.0;21.15686274509804;5.43921568627451;5.317647058823529;5.3843137254901965;5.701960784313726;6.286274509803921;7.368627450980392;9.227450980392156;13.24705882352941;17.95686274509804;19.67058823529412;17.48627450980392;14.176470588235293;7.752941176470588;2.831372549019608;0.0;0.0;0.0;0.0;0.0;0.0;0.0;0.0;0.0;0.0;0.0;0.0;0.0;0.0;0.0;0.0;0.0;0.0;0.0;0.0;0.0;0.0;0.0;0.0;0.0;0.0;0.0";"0.0;0.0;0.0;0.0;0.0;0.0;0.0;0.0;0.0;0.0;0.0;0.0;0.0;0.0;0.0;0.0;0.0;0.0;0.0;0.0;0.0;0.0;0.0;0.0;0.0;0.0;0.0;0.0;0.0;0.0;0.0;15.349019607843138;14.733333333333333;9.941176470588236;9.031372549019608;8.803921568627452;8.749019607843136;8.760784313725491;8.850980392156863;9.031372549019608;9.717647058823529;12.592156862745098;13.60392156862745;10.109803921568627;9.411764705882353;9.188235294117646;9.109803921568627;9.098039215686274;9.113725490196078;9.24313725490196;9.537254901960784;10.305882352941177;15.52156862745098;15.75294117647059;0.0;0.0;0.0;0.0;0.0;0.0;0.0;0.0;0.0;0.0;0.0;0.0;0.0;0.0;0.0;0.0;0.0;0.0;0.0;0.0;0.0;0.0;0.0;0.0;0.0;0.0"
г;43.40392156862745;0.027127450980392157;27.886274509803922;0.01742892156862745;64.85882352941177;0.040536764705882355;4.6;0.002875;140.74901960784314;0.02199203431372549;40.43236465966398;38.9533309186147;0.5054045582457998;0.4869166364826837;2728.9679579948224;8506.959079260134;6.662519428698297e-05;0.00020768943064599935;"0.0;0.0;0.0;0.0;0.0;0.0;0.0;0.0;0.0;0.0;0.0;0.0;0.0;0.0;0.0;0.0;0.0;0.0;0.0;0.0;0.0;0.0;0.0;0.0;0.0;0.0;0.0;0.0;0.0;0.0;0.0;0.4392156862745098;2.070588235294118;2.2745098039215685;2.8745098039215686;10.458823529411765;23.0;23.0;23.0;21.145098039215686;3.6784313725490194;2.9647058823529413;2.792156862745098;2.176470588235294;1.7529411764705882;1.776470588235294;1.8274509803921568;1.9568627450980391;2.2509803921568627;3.1098039215686275;5.023529411764706;3.176470588235294;0.0;0.0;0.0;0.0;0.0;0.0;0.0;0.0;0.0;0.0;0.0;0.0;0.0;0.0;0.0;0.0;0.0;0.0;0.0;0.0;0.0;0.0;0.0;0.0;0.0;0.0;0.0;0.0";"0.0;0.0;0.0;0.0;0.0;0.0;0.0;0.0;0.0;0.0;0.0;0.0;0.0;0.0;0.0;0.0;0.0;0.0;0.0;0.0;0.0;0.0;0.0;0.0;0.0;0.0;0.0;0.0;0.0;0.0;0.0;19.356862745098038;15.109803921568627;7.043137254901961;6.094117647058823;5.682352941176471;5.427450980392157;4.192156862745098;4.192156862745098;4.192156862745098;4.192156862745098;4.192156862745098;4.192156862745098;4.192156862745098;4.192156862745098;4.192156862745098;4.192156862745098;4.192156862745098;4.192156862745098;4.235294117647059;4.376470588235295;4.768627450980392;6.705882352941177;11.64313725490196;0.0;0.0;0.0;0.0;0.0;0.0;0.0;0.0;0.0;0.0;0.0;0.0;0.0;0.0;0.0;0.0;0.0;0.0;0.0;0.0;0.0;0.0;0.0;0.0;0.0;0.0"
ғ;43.30980392156863;0.027068627450980393;30.345098039215685;0.018965686274509803;72.45098039215686;0.04528186274509804;15.050980392156863;0.009406862745098039;161.15686274509807;0.025180759803921572;40.42447986373038;38.986008030173984;0.5053059982966298;0.4873251003771748;3198.254723989608;8670.499502968969;7.808239072240254e-05;0.00021168211677170335;"0.0;0.0;0.0;0.0;0.0;0.0;0.0;0.0;0.0;0.0;0.0;0.0;0.0;0.0;0.0;0.0;0.0;0.0;0.0;0.0;0.0;0.0;0.0;0.0;0.0;0.0;0.0;0.0;0.0;0.0;0.0;0.596078431372549;4.0627450980392155;4.258823529411765;4.854901960784313;11.670588235294117;23.0;23.0;23.0;21.31764705882353;5.9450980392156865;5.207843137254902;5.035294117647059;4.423529411764706;4.0;2.462745098039216;2.074509803921569;2.203921568627451;2.4901960784313726;3.2980392156862743;5.078431372549019;3.176470588235294;0.0;0.0;0.0;0.0;0.0;0.0;0.0;0.0;0.0;0.0;0.0;0.0;0.0;0.0;0.0;0.0;0.0;0.0;0.0;0.0;0.0;0.0;0.0;0.0;0.0;0.0;0.0;0.0";"0.0;0.0;0.0;0.0;0.0;0.0;0.0;0.0;0.0;0.0;0.0;0.0;0.0;0.0;0.0;0.0;0.0;0.0;0.0;0.0;0.0;0.0;0.0;0.0;0.0;0.0;0.0;0.0;0.0;0.0;0.0;19.356862745098038;16.75686274509804;7.650980392156863;6.1607843137254905;5.713725490196079;5.43921568627451;4.192156862745098;4.192156862745098;4.192156862745098;4.192156862745098;13.298039215686275;13.298039215686275;4.192156862745098;4.192156862745098;4.192156862745098;4.192156862745098;4.192156862745098;4.192156862745098;4.211764705882353;4.290196078431372;4.7176470588235295;6.698039215686275;11.64313725490196;0.0;0.0;0.0;0.0;0.0;0.0;0.0;0.0;0.0;0.0;0.0;0.0;0.0;0.0;0.0;0.0;0.0;0.0;0.0;0.0;0.0;0.0;0.0;0.0;0.0;0.0"
д;24.431372549019606;0.015269607843137254;58.654901960784315;0.036659313725490195;50.96862745098039;0.03185539215686275;86.67843137254901;0.054174019607843134;220.73333333333335;0.03448958333333334;43.145610887060954;43.57890809600796;0.5393201360882619;0.5447363512000994;10109.61286153561;16635.994404586858;0.00024681672025233424;0.00040615220714323384;"0.0;0.0;0.0;0.0;0.0;0.0;0.0;0.0;0.0;0.0;0.0;0.0;0.0;0.0;0.0;0.0;0.0;0.0;0.0;0.0;0.0;0.0;0.0;0.0;0.0;0.0;0.0;0.0;0.0;2.4196078431372547;6.741176470588235;4.525490196078431;3.623529411764706;3.854901960784314;5.572549019607843;6.705882352941177;8.458823529411765;13.376470588235295;14.305882352941177;5.815686274509804;3.5058823529411764;3.5058823529411764;3.5058823529411764;3.5058823529411764;3.5294117647058822;3.6509803921568627;12.24705882352941;23.137254901960784;23.28627450980392;23.537254901960786;20.619607843137256;5.5019607843137255;5.533333333333333;7.756862745098039;2.5098039215686274;0.0;0.0;0.0;0.0;0.0;0.0;0.0;0.0;0.0;0.0;0.0;0.0;0.0;0.0;0.0;0.0;0.0;0.0;0.0;0.0;0.0;0.0;0.0;0.0;0.0";"0.0;0.0;0.0;0.0;0.0;0.0;0.0;0.0;0.0;0.0;0.0;0.0;0.0;0.0;0.0;0.0;0.0;0.0;0.0;0.0;0.0;0.0;0.0;0.0;0.0;0.0;0.0;0.0;0.0;0.0;20.51764705882353;14.525490196078431;6.886274509803922;6.219607843137255;5.925490196078432;5.8313725490196076;5.815686274509804;5.776470588235294;5.796078431372549;5.792156862745098;5.811764705882353;5.8431372549019605;5.847058823529411;5.890196078431373;5.890196078431373;5.91764705882353;5.909803921568628;5.952941176470588;6.023529411764706;6.266666666666667;6.9450980392156865;17.95294117647059;24.658823529411766;10.411764705882353;6.145098039215687;4.337254901960784;3.23921568627451;2.4941176470588236;2.1098039215686275;0.0;0.0;0.0;0.0;0.0;0.0;0.0;0.0;0.0;0.0;0.0;0.0;0.0;0.0;0.0;0.0;0.0;0.0;0.0;0.0;0.0"
е;29.59607843137255;0.018497549019607845;55.57254901960784;0.0347328431372549;62.16078431372549;0.03885049019607843;42.42745098039216;0.026517156862745098;189.75686274509806;0.029649509803921573;42.3974952467554;40.44721831859139;0.5299686905844425;0.5055902289823924;6069.820374845814;9144.653240878066;0.00014818897399525912;0.00022325813576362465;"0.0;0.0;0.0;0.0;0.0;0.0;0.0;0.0;0.0;0.0;0.0;0.0;0.0;0.0;0.0;0.0;0.0;0.0;0.0;0.0;0.0;0.0;0.0;0.0;0.0;0.0;0.0;0.0;0.0;0.0;0.0;0.050980392156862744;7.752941176470588;12.854901960784314;15.72549019607843;16.19607843137255;11.68235294117647;9.96078431372549;9.086274509803921;8.447058823529412;8.094117647058823;7.8431372549019605;7.792156862745098;7.909803921568628;8.196078431372548;8.858823529411765;10.937254901960785;10.580392156862745;9.690196078431372;8.670588235294117;7.286274509803921;2.1411764705882352;0.0;0.0;0.0;0.0;0.0;0.0;0.0;0.0;0.0;0.0;0.0;0.0;0.0;0.0;0.0;0.0;0.0;0.0;0.0;0.0;0.0;0.0;0.0;0.0;0.0;0.0;0.0;0.0";"0.0;0.0;0.0;0.0;0.0;0.0;0.0;0.0;0.0;0.0;0.0;0.0;0.0;0.0;0.0;0.0;0.0;0.0;0.0;0.0;0.0;0.0;0.0;0.0;0.0;0.0;0.0;0.0;0.0;0.0;0.0;6.078431372549019;10.392156862745098;8.16078431372549;7.407843137254902;7.337254901960784;7.572549019607843;7.913725490196079;18.988235294117647;11.31764705882353;3.4980392156862745;3.6392156862745098;3.8901960784313725;4.101960784313725;4.411764705882353;5.580392156862745;6.549019607843137;7.568627450980392;9.047058823529412;12.882352941176471;14.709803921568627;12.8;10.223529411764705;5.686274509803922;0.0;0.0;0.0;0.0;0.0;0.0;0.0;0.0;0.0;0.0;0.0;0.0;0.0;0.0;0.0;0.0;0.0;0.0;0.0;0.0;0.0;0.0;0.0;0.0;0.0;0.0"
ё;50.72941176470588;0.031705882352941174;81.07450980392157;0.05067156862745098;62.16078431372549;0.03885049019607843;42.42745098039216;0.026517156862745098;236.3921568627451;0.036936274509803926;38.71713669542136;40.76615792966158;0.483964208692767;0.5095769741207697;7191.23043990788;22263.76430507306;0.0001755671494118135;0.0005435489332293227;"0.0;0.0;0.0;0.0;0.0;0.0;0.0;0.0;0.0;0.0;0.0;0.0;0.0;0.0;0.0;0.0;0.0;0.0;0.0;0.0;0.0;0.0;0.0;0.0;0.0;0.0;0.0;0.0;0.0;0.0;0.0;0.050980392156862744;7.752941176470588;12.854901960784314;15.72549019607843;17.68235294117647;16.050980392156863;15.250980392156864;14.447058823529412;13.074509803921568;10.27843137254902;7.8431372549019605;7.792156862745098;7.909803921568628;9.898039215686275;13.305882352941177;16.24705882352941;15.925490196078432;14.254901960784315;10.619607843137254;7.286274509803921;2.1411764705882352;0.0;0.0;0.0;0.0;0.0;0.0;0.0;0.0;0.0;0.0;0.0;0.0;0.0;0.0;0.0;0.0;0.0;0.0;0.0;0.0;0.0;0.0;0.0;0.0;0.0;0.0;0.0;0.0";"0.0;0.0;0.0;0.0;0.0;0.0;0.0;0.0;0.0;0.0;0.0;0.0;0.0;0.0;0.0;0.0;0.0;0.0;0.0;0.0;0.0;2.0352941176470587;8.2;10.4;10.768627450980393;9.592156862745098;5.63921568627451;0.0;0.0;0.0;0.0;6.078431372549019;10.392156862745098;8.16078431372549;7.407843137254902;7.337254901960784;7.572549019607843;7.913725490196079;18.988235294117647;11.31764705882353;3.4980392156862745;3.6392156862745098;3.8901960784313725;4.101960784313725;4.411764705882353;5.580392156862745;6.549019607843137;7.568627450980392;9.047058823529412;12.882352941176471;14.709803921568627;12.8;10.223529411764705;5.686274509803922;0.0;0.0;0.0;0.0;0.0;0.0;0.0;0.0;0.0;0.0;0.0;0.0;0.0;0.0;0.0;0.0;0.0;0.0;0.0;0.0;0.0;0.0;0.0;0.0;0.0;0.0"
ж;38.8078431372549;0.024254901960784312;82.04313725490196;0.05127696078431373;73.12156862745098;0.045700980392156865;139.78823529411764;0.08736764705882352;333.7607843137255;0.05215012254901961;42.37260454241032;42.474321164624186;0.529657556780129;0.5309290145578023;24806.569132961908;17582.337116670915;0.0006056291292227028;0.0004292562772624735;"0.0;0.0;0.0;0.0;0.0;0.0;0.0;0.0;0.0;0.0;0.0;0.0;0.0;0.0;0.0;0.0;0.0;0.0;0.0;0.0;0.0;0.0;0.0;0.0;0.0;0.4392156862745098;2.6705882352941175;5.329411764705882;6.654901960784314;7.980392156862745;9.333333333333334;10.741176470588234;12.035294117647059;12.43921568627451;11.768627450980393;9.592156862745098;6.992156862745098;6.0;4.956862745098039;4.996078431372549;9.470588235294118;23.0;23.0;23.0;23.0;8.545098039215686;4.968627450980392;5.031372549019608;6.035294117647059;7.172549019607843;9.792156862745099;11.933333333333334;12.509803921568627;12.0;10.576470588235294;9.211764705882352;7.898039215686275;6.580392156862745;5.235294117647059;2.4823529411764707;0.38823529411764707;0.0;0.0;0.0;0.0;0.0;0.0;0.0;0.0;0.0;0.0;0.0;0.0;0.0;0.0;0.0;0.0;0.0;0.0;0.0";"0.0;0.0;0.0;0.0;0.0;0.0;0.0;0.0;0.0;0.0;0.0;0.0;0.0;0.0;0.0;0.0;0.0;0.0;0.0;0.0;0.0;0.0;0.0;0.0;0.0;0.0;0.0;0.0;0.0;0.0;0.0;19.133333333333333;20.545098039215688;19.858823529411765;19.101960784313725;10.341176470588236;7.854901960784313;7.776470588235294;7.925490196078432;8.313725490196079;10.176470588235293;14.572549019607843;15.890196078431373;13.823529411764707;13.827450980392157;13.866666666666667;13.886274509803922;13.870588235294118;13.909803921568628;14.031372549019608;14.403921568627451;15.345098039215687;19.564705882352943;25.741176470588236;0.0;0.0;0.0;0.0;0.0;0.0;0.0;0.0;0.0;0.0;0.0;0.0;0.0;0.0;0.0;0.0;0.0;0.0;0.0;0.0;0.0;0.0;0.0;0.0;0.0;0.0"
з;22.92156862745098;0.014325980392156863;41.984313725490196;0.026240196078431373;14.905882352941177;0.009316176470588236;69.09803921568627;0.04318627450980392;148.90980392156862;0.023267156862745098;41.56154534920468;42.43845465079532;0.5195193168650585;0.5304806831349416;3221.471249093759;8148.412425564348;7.86492004173281e-05;0.0001989358502335046;"0.0;0.0;0.0;0.0;0.0;0.0;0.0;0.0;0.0;0.0;0.0;0.0;0.0;0.0;0.0;0.0;0.0;0.0;0.0;0.0;0.0;0.0;0.0;0.0;0.0;0.0;0.0;0.0;0.0;0.0;0.0;0.1450980392156863;1.2352941176470589;7.466666666666667;7.050980392156863;5.0588235294117645;4.184313725490196;3.6980392156862747;4.113725490196078;4.874509803921568;5.219607843137255;6.094117647058823;7.749019607843137;10.443137254901961;16.066666666666666;19.686274509803923;17.733333333333334;14.905882352941177;9.92156862745098;3.2627450980392156;0.0;0.0;0.0;0.0;0.0;0.0;0.0;0.0;0.0;0.0;0.0;0.0;0.0;0.0;0.0;0.0;0.0;0.0;0.0;0.0;0.0;0.0;0.0;0.0;0.0;0.0;0.0;0.0;0.0;0.0";"0.0;0.0;0.0;0.0;0.0;0.0;0.0;0.0;0.0;0.0;0.0;0.0;0.0;0.0;0.0;0.0;0.0;0.0;0.0;0.0;0.0;0.0;0.0;0.0;0.0;0.0;0.0;0.0;0.0;0.0;0.0;10.423529411764706;11.952941176470588;8.52156862745098;7.219607843137255;6.443137254901961;5.9450980392156865;5.580392156862745;4.470588235294118;4.349019607843137;4.5019607843137255;5.2823529411764705;6.396078431372549;4.972549019607843;4.733333333333333;4.7215686274509805;4.764705882352941;4.807843137254902;4.8352941176470585;5.968627450980392;6.949019607843137;8.219607843137254;11.184313725490195;6.666666666666667;0.0;0.0;0.0;0.0;0.0;0.0;0.0;0.0;0.0;0.0;0.0;0.0;0.0;0.0;0.0;0.0;0.0;0.0;0.0;0.0;0.0;0.0;0.0;0.0;0.0;0.0"
и;47.38039215686275;0.02961274509803922;54.949019607843134;0.034343137254901956;75.74117647058823;0.047338235294117646;78.24705882352941;0.048904411764705884;256.3176470588235;0.04004963235294118;41.9898869356344;41.41050473523967;0.52487358669543;0.5176313091904958;12891.344107642293;13265.45221672335;0.00031473008075298567;0.0003238635795098474;"0.0;0.0;0.0;0.0;0.0;0.0;0.0;0.0;0.0;0.0;0.0;0.0;0.0;0.0;0.0;0.0;0.0;0.0;0.0;0.0;0.0;0.0;0.0;0.0;0.0;0.0;0.0;0.0;0.0;1.6862745098039216;2.1921568627450982;2.835294117647059;10.415686274509804;23.0;23.0;23.0;21.619607843137256;6.305882352941176;4.76078431372549;4.305882352941176;2.756862745098039;2.3333333333333335;2.3333333333333335;3.0862745098039217;4.5058823529411764;5.031372549019608;8.176470588235293;23.0;23.0;23.0;23.0;6.870588235294117;2.6509803921568627;2.1254901960784314;1.3254901960784313;0.0;0.0;0.0;0.0;0.0;0.0;0.0;0.0;0.0;0.0;0.0;0.0;0.0;0.0;0.0;0.0;0.0;0.0;0.0;0.0;0.0;0.0;0.0;0.0;0.0";"0.0;0.0;0.0;0.0;0.0;0.0;0.0;0.0;0.0;0.0;0.0;0.0;0.0;0.0;0.0;0.0;0.0;0.0;0.0;0.0;0.0;0.0;0.0;0.0;0.0;0.0;0.0;0.0;0.0;0.0;0.0;22.070588235294117;13.31764705882353;9.427450980392157;8.666666666666666;8.556862745098039;9.298039215686275;10.152941176470588;10.419607843137255;10.419607843137255;10.423529411764706;10.423529411764706;10.423529411764706;10.419607843137255;10.423529411764706;10.419607843137255;10.415686274509804;9.909803921568628;9.03921568627451;8.498039215686275;8.776470588235295;9.623529411764705;13.196078431372548;21.99607843137255;0.0;0.0;0.0;0.0;0.0;0.0;0.0;0.0;0.0;0.0;0.0;0.0;0.0;0.0;0.0;0.0;0.0;0.0;0.0;0.0;0.0;0.0;0.0;0.0;0.0;0.0"
й;73.47450980392156;0.045921568627450976;84.86274509803921;0.05303921568627451;75.74117647058823;0.047338235294117646;78.24705882352941;0.048904411764705884;312.3254901960784;0.04880085784313725;38.626571073415114;41.369750009417025;0.4828321384176889;0.5171218751177128;14438.13177146152;29622.85823644878;0.00035249345145169726;0.0007232143124133003;"0.0;0.0;0.0;0.0;0.0;0.0;0.0;0.0;0.0;0.0;0.0;0.0;0.0;0.0;0.0;0.0;0.0;0.0;0.0;0.0;0.0;0.0;0.0;0.0;0.0;0.0;0.0;0.0;0.0;1.6862745098039216;2.1921568627450982;2.835294117647059;10.415686274509804;23.776470588235295;27.12156862745098;28.32156862745098;27.16862745098039;11.16470588235294;8.094117647058823;6.43921568627451;4.454901960784314;3.8627450980392157;3.8745098039215686;4.752941176470588;6.592156862745098;8.301960784313726;12.87843137254902;28.145098039215686;27.690196078431374;26.28627450980392;23.298039215686273;6.870588235294117;2.6509803921568627;2.1254901960784314;1.3254901960784313;0.0;0.0;0.0;0.0;0.0;0.0;0.0;0.0;0.0;0.0;0.0;0.0;0.0;0.0;0.0;0.0;0.0;0.0;0.0;0.0;0.0;0.0;0.0;0.0;0.0";"0.0;0.0;0.0;0.0;0.0;0.0;0.0;0.0;0.0;0.0;0.0;0.0;0.0;0.0;0.0;0.0;0.0;0.0;0.0;0.0;4.43921568627451;7.63921568627451;8.705882352941176;9.0;8.91764705882353;10.4;6.905882352941177;0.0;0.0;0.0;0.0;22.070588235294117;13.31764705882353;9.427450980392157;8.666666666666666;8.556862745098039;9.298039215686275;10.152941176470588;10.419607843137255;10.419607843137255;10.423529411764706;10.423529411764706;10.423529411764706;10.419607843137255;10.423529411764706;10.419607843137255;10.415686274509804;9.909803921568628;9.03921568627451;8.498039215686275;8.776470588235295;9.623529411764705;13.196078431372548;21.99607843137255;0.0;0.0;0.0;0.0;0.0;0.0;0.0;0.0;0.0;0.0;0.0;0.0;0.0;0.0;0.0;0.0;0.0;0.0;0.0;0.0;0.0;0.0;0.0;0.0;0.0;0.0"
к;45.10980392156863;0.02819362745098039;38.47450980392157;0.02404656862745098;67.94901960784314;0.042468137254901964;73.78823529411764;0.04611764705882353;225.321568627451;0.03520649509803922;42.30859599352559;41.31494857023513;0.5288574499190699;0.5164368571279392;7793.438002639314;11993.087389956068;0.00019026948248631137;0.0002927999851063493;"0.0;0.0;0.0;0.0;0.0;0.0;0.0;0.0;0.0;0.0;0.0;0.0;0.0;0.0;0.0;0.0;0.0;0.0;0.0;0.0;0.0;0.0;0.0;0.0;0.0;0.0;0.0;0.0;0.0;0.0;0.0;1.6862745098039216;2.1921568627450982;2.835294117647059;10.415686274509804;23.0;23.0;23.0;21.529411764705884;5.4;4.219607843137255;4.91764705882353;6.447058823529412;7.431372549019608;9.854901960784314;11.72156862745098;11.850980392156863;11.145098039215686;10.466666666666667;9.27450980392157;8.129411764705882;6.913725490196079;5.603921568627451;3.2588235294117647;1.0274509803921568;0.0;0.0;0.0;0.0;0.0;0.0;0.0;0.0;0.0;0.0;0.0;0.0;0.0;0.0;0.0;0.0;0.0;0.0;0.0;0.0;0.0;0.0;0.0;0.0;0.0";"0.0;0.0;0.0;0.0;0.0;0.0;0.0;0.0;0.0;0.0;0.0;0.0;0.0;0.0;0.0;0.0;0.0;0.0;0.0;0.0;0.0;0.0;0.0;0.0;0.0;0.0;0.0;0.0;0.0;0.0;0.0;15.411764705882353;13.027450980392157;12.105882352941176;11.647058823529411;7.031372549019608;5.96078431372549;5.980392156862745;6.090196078431372;6.329411764705882;7.145098039215687;9.729411764705882;10.062745098039215;9.094117647058823;9.113725490196078;9.152941176470588;9.172549019607843;9.188235294117646;9.2;9.262745098039217;9.407843137254902;9.882352941176471;12.513725490196078;18.811764705882354;0.0;0.0;0.0;0.0;0.0;0.0;0.0;0.0;0.0;0.0;0.0;0.0;0.0;0.0;0.0;0.0;0.0;0.0;0.0;0.0;0.0;0.0;0.0;0.0;0.0;0.0"
қ;50.16470588235294;0.03135294117647059;47.858823529411765;0.029911764705882353;63.015686274509804;0.03938480392156863;81.6313725490196;0.05101960784313725;242.67058823529413;0.03791727941176471;41.75714678172622;41.979573697904044;0.5219643347715778;0.5247446712238005;9516.549730016277;14154.754517003066;0.00023233763989297552;0.00034557506145027015;"0.0;0.0;0.0;0.0;0.0;0.0;0.0;0.0;0.0;0.0;0.0;0.0;0.0;0.0;0.0;0.0;0.0;0.0;0.0;0.0;0.0;0.0;0.0;0.0;0.0;0.0;0.0;0.0;0.0;0.0;0.0;1.6862745098039216;2.1882352941176473;2.8;10.196078431372548;23.0;23.0;23.0;21.498039215686273;5.811764705882353;4.8431372549019605;5.631372549019608;7.266666666666667;8.156862745098039;10.231372549019607;11.819607843137256;11.901960784313726;11.227450980392156;10.662745098039215;9.631372549019607;8.811764705882354;8.113725490196078;7.607843137254902;6.8392156862745095;6.745098039215686;0.0;0.0;0.0;0.0;0.0;0.0;0.0;0.0;0.0;0.0;0.0;0.0;0.0;0.0;0.0;0.0;0.0;0.0;0.0;0.0;0.0;0.0;0.0;0.0;0.0";"0.0;0.0;0.0;0.0;0.0;0.0;0.0;0.0;0.0;0.0;0.0;0.0;0.0;0.0;0.0;0.0;0.0;0.0;0.0;0.0;0.0;0.0;0.0;0.0;0.0;0.0;0.0;0.0;0.0;0.0;15.498039215686275;13.027450980392157;12.066666666666666;12.180392156862744;9.309803921568628;6.113725490196078;6.23921568627451;6.592156862745098;7.454901960784314;9.541176470588235;10.407843137254902;9.223529411764705;8.949019607843137;8.988235294117647;9.047058823529412;9.074509803921568;9.098039215686274;9.125490196078431;9.156862745098039;9.239215686274509;9.803921568627452;12.509803921568627;18.79607843137255;4.019607843137255;2.3098039215686272;1.6274509803921569;1.2509803921568627;1.0509803921568628;0.9686274509803922;0.0;0.0;0.0;0.0;0.0;0.0;0.0;0.0;0.0;0.0;0.0;0.0;0.0;0.0;0.0;0.0;0.0;0.0;0.0;0.0;0.0"
л;25.023529411764706;0.01563970588235294;53.45882352941177;0.033411764705882356;45.12156862745098;0.028200980392156863;69.69803921568628;0.043561274509803925;193.30196078431374;0.030203431372549022;42.19599529335389;42.91106061835592;0.5274499411669236;0.536388257729449;7846.800351964206;11680.13917439572;0.00019157227421787612;0.00028515964781239547;"0.0;0.0;0.0;0.0;0.0;0.0;0.0;0.0;0.0;0.0;0.0;0.0;0.0;0.0;0.0;0.0;0.0;0.0;0.0;0.0;0.0;0.0;0.0;0.0;0.0;0.0;0.0;0.0;0.0;1.592156862745098;4.03921568627451;4.5019607843137255;4.1647058823529415;4.3882352941176475;3.9725490196078432;4.7215686274509805;14.717647058823529;19.67450980392157;6.6196078431372545;1.7529411764705882;1.7529411764705882;1.988235294117647;2.76078431372549;2.8078431372549018;2.992156862745098;3.835294117647059;21.462745098039214;23.0;23.0;23.0;9.937254901960785;2.8078431372549018;2.164705882352941;1.6470588235294117;0.0;0.0;0.0;0.0;0.0;0.0;0.0;0.0;0.0;0.0;0.0;0.0;0.0;0.0;0.0;0.0;0.0;0.0;0.0;0.0;0.0;0.0;0.0;0.0;0.0;0.0";"0.0;0.0;0.0;0.0;0.0;0.0;0.0;0.0;0.0;0.0;0.0;0.0;0.0;0.0;0.0;0.0;0.0;0.0;0.0;0.0;0.0;0.0;0.0;0.0;0.0;0.0;0.0;0.0;0.0;0.0;0.0;20.80392156862745;14.537254901960784;6.650980392156863;6.258823529411765;6.105882352941176;6.050980392156863;6.027450980392157;6.023529411764706;6.023529411764706;6.023529411764706;6.023529411764706;6.015686274509804;6.019607843137255;6.023529411764706;6.027450980392157;6.03921568627451;6.066666666666666;6.12156862745098;7.643137254901961;10.623529411764705;12.552941176470588;13.415686274509804;16.223529411764705;0.0;0.0;0.0;0.0;0.0;0.0;0.0;0.0;0.0;0.0;0.0;0.0;0.0;0.0;0.0;0.0;0.0;0.0;0.0;0.0;0.0;0.0;0.0;0.0;0.0;0.0"
м;58.27058823529412;0.036419117647058824;55.36078431372549;0.03460049019607843;66.2;0.041375;108.8078431372549;0.06800490196078432;288.6392156862745;0.04509987745098039;42.07751042756409;42.53376900398082;0.5259688803445511;0.5316721125497603;21433.995361335707;13697.2815804343;0.00052329090237636;0.0003344062885848218;"0.0;0.0;0.0;0.0;0.0;0.0;0.0;0.0;0.0;0.0;0.0;0.0;0.0;0.0;0.0;0.0;0.0;0.0;0.0;0.0;0.0;0.0;0.0;0.0;0.0;0.0;0.0;1.6862745098039216;2.1921568627450982;2.835294117647059;10.415686274509804;23.0;15.541176470588235;7.552941176470588;9.443137254901961;11.125490196078431;10.262745098039217;10.168627450980392;10.133333333333333;10.113725490196078;10.074509803921568;8.63921568627451;4.984313725490196;3.988235294117647;3.988235294117647;3.988235294117647;4.482352941176471;5.0588235294117645;5.286274509803921;6.333333333333333;22.83529411764706;23.0;23.0;23.0;9.015686274509804;2.76078431372549;2.172549019607843;1.5607843137254902;0.0;0.0;0.0;0.0;0.0;0.0;0.0;0.0;0.0;0.0;0.0;0.0;0.0;0.0;0.0;0.0;0.0;0.0;0.0;0.0;0.0;0.0";"0.0;0.0;0.0;0.0;0.0;0.0;0.0;0.0;0.0;0.0;0.0;0.0;0.0;0.0;0.0;0.0;0.0;0.0;0.0;0.0;0.0;0.0;0.0;0.0;0.0;0.0;0.0;0.0;0.0;0.0;0.0;16.45098039215686;12.619607843137254;11.572549019607843;12.066666666666666;12.215686274509803;12.184313725490195;12.176470588235293;12.176470588235293;12.168627450980392;12.16470588235294;12.16470588235294;12.152941176470588;12.152941176470588;12.141176470588235;12.137254901960784;12.129411764705882;12.12156862745098;11.690196078431372;10.913725490196079;10.337254901960785;10.282352941176471;13.145098039215686;21.474509803921567;0.0;0.0;0.0;0.0;0.0;0.0;0.0;0.0;0.0;0.0;0.0;0.0;0.0;0.0;0.0;0.0;0.0;0.0;0.0;0.0;0.0;0.0;0.0;0.0;0.0;0.0"
н;47.44313725490196;0.029651960784313727;48.21568627450981;0.03013480392156863;74.07843137254902;0.046299019607843134;81.68627450980392;0.05105392156862745;251.42352941176472;0.03928492647058824;41.98118946235553;41.407171712445205;0.5247648682794441;0.517589646405565;12866.156009594579;13120.62476271216;0.00031411513695299263;0.0003203277529959023;"0.0;0.0;0.0;0.0;0.0;0.0;0.0;0.0;0.0;0.0;0.0;0.0;0.0;0.0;0.0;0.0;0.0;0.0;0.0;0.0;0.0;0.0;0.0;0.0;0.0;0.0;0.0;0.0;0.0;1.7019607843137254;2.223529411764706;2.8666666666666667;10.443137254901961;23.0;23.0;23.0;21.533333333333335;5.6156862745098035;4.258823529411765;3.8784313725490196;2.607843137254902;1.7529411764705882;1.7529411764705882;2.9568627450980394;3.8980392156862744;4.3843137254901965;7.458823529411765;23.0;23.0;23.0;23.0;6.862745098039215;2.7098039215686276;2.176470588235294;1.3411764705882352;0.0;0.0;0.0;0.0;0.0;0.0;0.0;0.0;0.0;0.0;0.0;0.0;0.0;0.0;0.0;0.0;0.0;0.0;0.0;0.0;0.0;0.0;0.0;0.0;0.0";"0.0;0.0;0.0;0.0;0.0;0.0;0.0;0.0;0.0;0.0;0.0;0.0;0.0;0.0;0.0;0.0;0.0;0.0;0.0;0.0;0.0;0.0;0.0;0.0;0.0;0.0;0.0;0.0;0.0;0.0;0.0;22.50980392156863;13.24313725490196;9.333333333333334;8.619607843137254;8.431372549019608;8.380392156862746;8.380392156862746;8.380392156862746;8.380392156862746;8.380392156862746;18.423529411764704;15.945098039215686;8.380392156862746;8.380392156862746;8.380392156862746;8.380392156862746;8.380392156862746;8.384313725490196;8.470588235294118;8.749019607843136;9.588235294117647;13.411764705882353;22.50980392156863;0.0;0.0;0.0;0.0;0.0;0.0;0.0;0.0;0.0;0.0;0.0;0.0;0.0;0.0;0.0;0.0;0.0;0.0;0.0;0.0;0.0;0.0;0.0;0.0;0.0;0.0"
ң;51.46666666666667;0.03216666666666667;52.19607843137255;0.032622549019607844;70.43529411764706;0.044022058823529414;93.87450980392157;0.05867156862745098;267.97254901960787;0.04187071078431373;41.72398401943424;42.013975677930134;0.521549800242928;0.5251746959741267;14557.637855794415;15625.110049374704;0.00035541108046373087;0.0003814724133148121;"0.0;0.0;0.0;0.0;0.0;0.0;0.0;0.0;0.0;0.0;0.0;0.0;0.0;0.0;0.0;0.0;0.0;0.0;0.0;0.0;0.0;0.0;0.0;0.0;0.0;0.0;0.0;0.0;0.0;1.7019607843137254;2.223529411764706;2.847058823529412;10.231372549019607;23.0;23.0;23.0;21.478431372549018;5.796078431372549;4.5019607843137255;4.12156862745098;2.854901960784314;2.0;2.0;3.203921568627451;4.137254901960785;4.623529411764705;7.564705882352941;23.152941176470588;23.298039215686273;23.541176470588237;23.905882352941177;8.43921568627451;5.1686274509803924;6.882352941176471;5.298039215686274;0.0;0.0;0.0;0.0;0.0;0.0;0.0;0.0;0.0;0.0;0.0;0.0;0.0;0.0;0.0;0.0;0.0;0.0;0.0;0.0;0.0;0.0;0.0;0.0;0.0";"0.0;0.0;0.0;0.0;0.0;0.0;0.0;0.0;0.0;0.0;0.0;0.0;0.0;0.0;0.0;0.0;0.0;0.0;0.0;0.0;0.0;0.0;0.0;0.0;0.0;0.0;0.0;0.0;0.0;0.0;22.50980392156863;13.109803921568627;9.231372549019607;8.513725490196078;8.39607843137255;8.380392156862746;8.380392156862746;8.380392156862746;8.380392156862746;8.380392156862746;18.423529411764704;18.423529411764704;8.380392156862746;8.380392156862746;8.380392156862746;8.380392156862746;8.380392156862746;8.380392156862746;8.423529411764706;8.631372549019607;9.580392156862745;13.52156862745098;22.50980392156863;5.6196078431372545;3.1372549019607843;2.0901960784313727;1.4980392156862745;1.1607843137254903;1.007843137254902;0.0;0.0;0.0;0.0;0.0;0.0;0.0;0.0;0.0;0.0;0.0;0.0;0.0;0.0;0.0;0.0;0.0;0.0;0.0;0.0;0.0"
о;31.2;0.0195;46.93333333333333;0.029333333333333333;64.07450980392157;0.040046568627450985;61.549019607843135;0.03846813725490196;203.75686274509803;0.03183700980392157;42.00234805034836;41.43941260248663;0.5250293506293545;0.5179926575310828;10589.414787735795;8590.132209952384;0.00025853063446620595;0.00020972002465704061;"0.0;0.0;0.0;0.0;0.0;0.0;0.0;0.0;0.0;0.0;0.0;0.0;0.0;0.0;0.0;0.0;0.0;0.0;0.0;0.0;0.0;0.0;0.0;0.0;0.0;0.0;0.0;0.0;0.0;0.0;0.7058823529411765;7.9372549019607845;12.270588235294118;15.172549019607843;17.32549019607843;16.08235294117647;9.325490196078432;6.7254901960784315;5.2745098039215685;4.454901960784314;3.9137254901960783;3.6666666666666665;3.619607843137255;3.768627450980392;4.23921568627451;5.003921568627451;6.450980392156863;9.011764705882353;16.36078431372549;17.176470588235293;15.03921568627451;12.101960784313725;7.643137254901961;0.48627450980392156;0.0;0.0;0.0;0.0;0.0;0.0;0.0;0.0;0.0;0.0;0.0;0.0;0.0;0.0;0.0;0.0;0.0;0.0;0.0;0.0;0.0;0.0;0.0;0.0;0.0;0.0";"0.0;0.0;0.0;0.0;0.0;0.0;0.0;0.0;0.0;0.0;0.0;0.0;0.0;0.0;0.0;0.0;0.0;0.0;0.0;0.0;0.0;0.0;0.0;0.0;0.0;0.0;0.0;0.0;0.0;0.0;0.0;6.223529411764706;10.831372549019608;8.815686274509805;8.262745098039217;8.35686274509804;8.56078431372549;8.8;9.035294117647059;9.24705882352941;9.415686274509804;9.51764705882353;9.592156862745098;9.509803921568627;9.435294117647059;9.24705882352941;9.054901960784314;8.776470588235295;8.545098039215686;8.325490196078432;8.262745098039217;8.803921568627452;10.831372549019608;6.305882352941176;0.0;0.0;0.0;0.0;0.0;0.0;0.0;0.0;0.0;0.0;0.0;0.0;0.0;0.0;0.0;0.0;0.0;0.0;0.0;0.0;0.0;0.0;0.0;0.0;0.0;0.0"
ө;32.09411764705882;0.020058823529411764;48.30196078431373;0.03018872549019608;73.23529411764706;0.04577205882352941;79.69803921568628;0.049811274509803924;233.32941176470587;0.03645772058823529;41.9334778735777;41.43437704835375;0.5241684734197213;0.5179297131044219;10979.507941903126;8930.387080092629;0.0002680543931128693;0.00021802702832257395;"0.0;0.0;0.0;0.0;0.0;0.0;0.0;0.0;0.0;0.0;0.0;0.0;0.0;0.0;0.0;0.0;0.0;0.0;0.0;0.0;0.0;0.0;0.0;0.0;0.0;0.0;0.0;0.0;0.0;0.0;0.7176470588235294;7.96078431372549;12.27450980392157;15.180392156862744;17.345098039215685;17.00392156862745;11.427450980392157;8.992156862745098;7.6;6.827450980392157;6.376470588235295;6.152941176470589;6.113725490196078;6.2745098039215685;6.674509803921569;7.337254901960784;8.611764705882353;11.015686274509804;16.929411764705883;17.172549019607843;15.035294117647059;12.109803921568627;7.698039215686275;0.4980392156862745;0.0;0.0;0.0;0.0;0.0;0.0;0.0;0.0;0.0;0.0;0.0;0.0;0.0;0.0;0.0;0.0;0.0;0.0;0.0;0.0;0.0;0.0;0.0;0.0;0.0;0.0";"0.0;0.0;0.0;0.0;0.0;0.0;0.0;0.0;0.0;0.0;0.0;0.0;0.0;0.0;0.0;0.0;0.0;0.0;0.0;0.0;0.0;0.0;0.0;0.0;0.0;0.0;0.0;0.0;0.0;0.0;0.0;6.243137254901961;11.31764705882353;9.890196078431373;8.670588235294117;8.545098039215686;8.64313725490196;8.823529411764707;9.023529411764706;9.239215686274509;9.372549019607844;22.32156862745098;22.4078431372549;9.466666666666667;9.368627450980393;9.211764705882352;9.027450980392157;8.776470588235295;8.592156862745098;8.466666666666667;8.529411764705882;9.749019607843136;11.325490196078432;6.317647058823529;0.0;0.0;0.0;0.0;0.0;0.0;0.0;0.0;0.0;0.0;0.0;0.0;0.0;0.0;0.0;0.0;0.0;0.0;0.0;0.0;0.0;0.0;0.0;0.0;0.0;0.0"
п;48.2;0.030125000000000002;54.92156862745098;0.03432598039215686;68.50980392156863;0.0428186274509804;69.3686274509804;0.04335539215686275;241.0;0.03765625;41.68567244325116;41.407436335530065;0.5210709055406395;0.5175929541941258;12697.879221939855;13883.973076808952;0.00031000681694189097;0.0003389641864455311;"0.0;0.0;0.0;0.0;0.0;0.0;0.0;0.0;0.0;0.0;0.0;0.0;0.0;0.0;0.0;0.0;0.0;0.0;0.0;0.0;0.0;0.0;0.0;0.0;0.0;0.0;0.0;0.0;0.0;1.6862745098039216;2.1921568627450982;2.835294117647059;10.415686274509804;23.0;23.0;23.0;21.145098039215686;3.6784313725490194;2.9647058823529413;2.792156862745098;2.176470588235294;1.7529411764705882;1.7529411764705882;2.3568627450980393;2.827450980392157;3.0784313725490198;5.372549019607843;23.0;23.0;23.0;23.0;6.870588235294117;2.6509803921568627;2.1254901960784314;1.3254901960784313;0.0;0.0;0.0;0.0;0.0;0.0;0.0;0.0;0.0;0.0;0.0;0.0;0.0;0.0;0.0;0.0;0.0;0.0;0.0;0.0;0.0;0.0;0.0;0.0;0.0";"0.0;0.0;0.0;0.0;0.0;0.0;0.0;0.0;0.0;0.0;0.0;0.0;0.0;0.0;0.0;0.0;0.0;0.0;0.0;0.0;0.0;0.0;0.0;0.0;0.0;0.0;0.0;0.0;0.0;0.0;0.0;25.49019607843137;18.341176470588234;8.850980392156863;8.509803921568627;8.407843137254902;8.380392156862746;8.380392156862746;8.380392156862746;8.380392156862746;8.380392156862746;8.380392156862746;8.380392156862746;8.380392156862746;8.380392156862746;8.380392156862746;8.380392156862746;8.380392156862746;8.380392156862746;8.466666666666667;8.741176470588234;9.533333333333333;13.20392156862745;22.50980392156863;0.0;0.0;0.0;0.0;0.0;0.0;0.0;0.0;0.0;0.0;0.0;0.0;0.0;0.0;0.0;0.0;0.0;0.0;0.0;0.0;0.0;0.0;0.0;0.0;0.0;0.0"
р;51.47450980392157;0.032171568627450985;65.9843137254902;0.04124019607843137;117.96862745098039;0.07373039215686275;56.27058823529412;0.03516911764705882;291.69803921568626;0.04557781862745098;43.88899345280508;39.979108129545736;0.5486124181600636;0.4997388516193217;13790.304055032606;28072.65262329338;0.00033667734509356946;0.0006853674956858735;"0.0;0.0;0.0;0.0;0.0;0.0;0.0;0.0;0.0;0.0;0.0;0.0;0.0;0.0;0.0;0.0;0.0;0.0;0.0;0.0;0.0;0.0;0.0;0.0;0.0;0.0;0.0;0.0;0.17254901960784313;1.8392156862745097;2.1921568627450982;2.9529411764705884;8.996078431372549;32.97254901960784;33.36470588235294;33.76078431372549;34.0;8.827450980392157;5.294117647058823;5.070588235294117;5.1647058823529415;4.403921568627451;4.694117647058824;5.050980392156863;5.6;6.3803921568627455;7.756862745098039;9.972549019607843;15.803921568627452;18.415686274509802;16.250980392156862;13.384313725490196;8.784313725490197;0.592156862745098;0.0;0.0;0.0;0.0;0.0;0.0;0.0;0.0;0.0;0.0;0.0;0.0;0.0;0.0;0.0;0.0;0.0;0.0;0.0;0.0;0.0;0.0;0.0;0.0;0.0;0.0";"0.0;0.0;0.0;0.0;0.0;0.0;0.0;0.0;0.0;0.0;0.0;0.0;0.0;0.0;0.0;0.0;0.0;0.0;0.0;0.0;0.0;0.0;0.0;0.0;0.0;0.0;0.0;0.0;0.0;0.0;7.145098039215687;13.6;18.32549019607843;17.356862745098038;12.51764705882353;11.094117647058823;9.827450980392157;9.376470588235295;9.188235294117646;9.027450980392157;8.894117647058824;8.760784313725491;8.615686274509804;8.513725490196078;8.321568627450981;8.2;8.047058823529412;7.988235294117647;8.090196078431372;8.60392156862745;9.768627450980393;12.662745098039215;9.964705882352941;4.219607843137255;4.219607843137255;4.219607843137255;4.219607843137255;4.219607843137255;4.219607843137255;4.258823529411765;4.3803921568627455;4.803921568627451;6.858823529411764;12.188235294117646;0.0;0.0;0.0;0.0;0.0;0.0;0.0;0.0;0.0;0.0;0.0;0.0;0.0;0.0;0.0;0.0"
с;27.309803921568626;0.01706862745098039;36.32156862745098;0.02270098039215686;64.49803921568628;0.04031127450980392;38.44705882352941;0.024029411764705882;166.57647058823528;0.026027573529411763;42.717517715469555;39.6262212491466;0.5339689714433694;0.49532776561433256;5206.707901069414;8675.03331399184;0.0001271168921159525;0.0002117928055173789;"0.0;0.0;0.0;0.0;0.0;0.0;0.0;0.0;0.0;0.0;0.0;0.0;0.0;0.0;0.0;0.0;0.0;0.0;0.0;0.0;0.0;0.0;0.0;0.0;0.0;0.0;0.0;0.0;0.0;0.0;0.0;0.611764705882353;8.623529411764705;13.050980392156863;15.75686274509804;17.607843137254903;12.321568627450981;9.266666666666667;7.749019607843137;6.819607843137255;6.270588235294118;5.9450980392156865;5.803921568627451;5.745098039215686;5.976470588235294;7.5019607843137255;9.031372549019608;8.862745098039216;8.192156862745097;7.0549019607843135;4.117647058823529;0.26666666666666666;0.0;0.0;0.0;0.0;0.0;0.0;0.0;0.0;0.0;0.0;0.0;0.0;0.0;0.0;0.0;0.0;0.0;0.0;0.0;0.0;0.0;0.0;0.0;0.0;0.0;0.0;0.0;0.0";"0.0;0.0;0.0;0.0;0.0;0.0;0.0;0.0;0.0;0.0;0.0;0.0;0.0;0.0;0.0;0.0;0.0;0.0;0.0;0.0;0.0;0.0;0.0;0.0;0.0;0.0;0.0;0.0;0.0;0.0;0.0;6.129411764705883;10.4;8.313725490196079;8.145098039215686;8.325490196078432;8.2;6.654901960784314;3.6470588235294117;3.815686274509804;3.9607843137254903;4.101960784313725;4.270588235294118;4.43921568627451;4.674509803921569;5.752941176470588;6.509803921568627;7.305882352941176;8.447058823529412;11.094117647058823;14.501960784313725;12.537254901960784;9.905882352941177;5.443137254901961;0.0;0.0;0.0;0.0;0.0;0.0;0.0;0.0;0.0;0.0;0.0;0.0;0.0;0.0;0.0;0.0;0.0;0.0;0.0;0.0;0.0;0.0;0.0;0.0;0.0;0.0"
т;28.96470588235294;0.01810294117647059;52.87450980392157;0.03304656862745098;16.219607843137254;0.010137254901960784;54.57254901960784;0.0341078431372549;152.6313725490196;0.02384865196078431;40.03504534826958;40.855990339405466;0.5004380668533697;0.5106998792425683;3013.2855915779123;9236.479208411609;7.356654276313262e-05;0.00022549998067411154;"0.0;0.0;0.0;0.0;0.0;0.0;0.0;0.0;0.0;0.0;0.0;0.0;0.0;0.0;0.0;0.0;0.0;0.0;0.0;0.0;0.0;0.0;0.0;0.0;0.0;0.0;0.0;0.0;0.0;0.0;1.4980392156862745;5.333333333333333;3.5019607843137255;2.403921568627451;1.9411764705882353;2.411764705882353;2.835294117647059;3.011764705882353;3.603921568627451;18.643137254901962;23.0;23.0;23.0;12.831372549019608;3.235294117647059;2.9215686274509802;2.850980392156863;2.8745098039215686;2.1019607843137256;2.603921568627451;3.8588235294117648;4.7254901960784315;0.44313725490196076;0.0;0.0;0.0;0.0;0.0;0.0;0.0;0.0;0.0;0.0;0.0;0.0;0.0;0.0;0.0;0.0;0.0;0.0;0.0;0.0;0.0;0.0;0.0;0.0;0.0;0.0;0.0";"0.0;0.0;0.0;0.0;0.0;0.0;0.0;0.0;0.0;0.0;0.0;0.0;0.0;0.0;0.0;0.0;0.0;0.0;0.0;0.0;0.0;0.0;0.0;0.0;0.0;0.0;0.0;0.0;0.0;0.0;0.0;20.27843137254902;18.537254901960786;9.211764705882352;7.635294117647059;6.925490196078432;6.627450980392157;4.207843137254902;4.207843137254902;4.207843137254902;4.207843137254902;4.207843137254902;4.207843137254902;4.207843137254902;4.207843137254902;4.207843137254902;4.207843137254902;4.207843137254902;4.207843137254902;4.254901960784314;4.4;4.788235294117647;6.8352941176470585;12.64313725490196;0.0;0.0;0.0;0.0;0.0;0.0;0.0;0.0;0.0;0.0;0.0;0.0;0.0;0.0;0.0;0.0;0.0;0.0;0.0;0.0;0.0;0.0;0.0;0.0;0.0;0.0"
у;55.03529411764706;0.03439705882352941;31.113725490196078;0.019446078431372547;54.549019607843135;0.034093137254901956;67.3921568627451;0.04212009803921569;208.09019607843135;0.032514093137254896;43.74185402257694;39.8382111829335;0.5467731752822117;0.49797763978666876;6693.678600021506;23018.92516235788;0.00016341988769583756;0.0005619854775966279;"0.0;0.0;0.0;0.0;0.0;0.0;0.0;0.0;0.0;0.0;0.0;0.0;0.0;0.0;0.0;0.0;0.0;0.0;0.0;0.0;0.0;0.0;0.0;0.0;0.0;0.0;0.0;0.0;0.0;0.7568627450980392;2.2941176470588234;5.8313725490196076;8.090196078431372;10.015686274509804;11.854901960784314;13.380392156862746;14.772549019607844;14.972549019607843;13.654901960784313;13.96078431372549;13.984313725490196;14.325490196078432;11.384313725490196;7.0;5.490196078431373;5.5019607843137255;5.517647058823529;6.423529411764706;6.701960784313726;7.819607843137255;6.298039215686274;3.8980392156862744;2.1019607843137256;1.3098039215686275;0.7490196078431373;0.0;0.0;0.0;0.0;0.0;0.0;0.0;0.0;0.0;0.0;0.0;0.0;0.0;0.0;0.0;0.0;0.0;0.0;0.0;0.0;0.0;0.0;0.0;0.0;0.0";"0.0;0.0;0.0;0.0;0.0;0.0;0.0;0.0;0.0;0.0;0.0;0.0;0.0;0.0;0.0;0.0;0.0;0.0;0.0;0.0;0.0;0.0;0.0;0.0;0.0;0.0;0.0;0.0;0.0;0.0;18.415686274509802;11.68235294117647;8.223529411764705;7.211764705882353;6.8352941176470585;6.745098039215686;6.752941176470588;6.756862745098039;6.76078431372549;6.764705882352941;6.768627450980392;6.768627450980392;6.772549019607843;6.780392156862745;6.784313725490196;6.788235294117647;6.784313725490196;6.258823529411765;5.356862745098039;4.458823529411765;3.556862745098039;2.6549019607843136;2.180392156862745;2.184313725490196;2.1882352941176473;2.196078431372549;2.207843137254902;2.2745098039215685;2.6980392156862747;7.662745098039216;9.333333333333334;8.501960784313725;6.933333333333334;3.847058823529412;0.0;0.0;0.0;0.0;0.0;0.0;0.0;0.0;0.0;0.0;0.0;0.0;0.0;0.0;0.0;0.0"
ұ;56.168627450980395;0.035105392156862744;32.8156862745098;0.020509803921568627;56.29019607843137;0.03518137254901961;124.27843137254902;0.07767401960784313;269.5529411764706;0.04211764705882353;45.52582344040968;40.94256284916201;0.569072793005121;0.5117820356145251;8493.244071092124;27680.573189777537;0.00020735459157939756;0.0006757952438910532;"0.0;0.0;0.0;0.0;0.0;0.0;0.0;0.0;0.0;0.0;0.0;0.0;0.0;0.0;0.0;0.0;0.0;0.0;0.0;0.0;0.0;0.0;0.0;0.0;0.0;0.0;0.0;0.0;0.0;2.9529411764705884;3.3137254901960786;3.925490196078431;5.247058823529412;7.486274509803922;9.909803921568628;12.909803921568628;15.772549019607844;16.580392156862747;16.050980392156863;18.309803921568626;22.83137254901961;20.007843137254902;17.470588235294116;17.0;10.854901960784314;8.541176470588235;9.152941176470588;9.466666666666667;9.6;9.627450980392156;7.270588235294118;5.192156862745098;3.8627450980392157;3.2470588235294118;2.9686274509803923;0.0;0.0;0.0;0.0;0.0;0.0;0.0;0.0;0.0;0.0;0.0;0.0;0.0;0.0;0.0;0.0;0.0;0.0;0.0;0.0;0.0;0.0;0.0;0.0;0.0";"0.0;0.0;0.0;0.0;0.0;0.0;0.0;0.0;0.0;0.0;0.0;0.0;0.0;0.0;0.0;0.0;0.0;0.0;0.0;0.0;0.0;0.0;0.0;0.0;0.0;0.0;0.0;0.0;0.0;0.0;20.027450980392157;12.4;8.168627450980392;7.231372549019608;6.968627450980392;6.913725490196079;6.874509803921568;6.8431372549019605;6.796078431372549;6.76078431372549;6.7215686274509805;6.67843137254902;6.643137254901961;6.6;6.572549019607843;6.525490196078431;6.490196078431373;6.454901960784314;6.03921568627451;5.207843137254902;4.482352941176471;25.929411764705883;25.929411764705883;4.345098039215686;4.345098039215686;4.345098039215686;4.345098039215686;4.345098039215686;4.352941176470588;4.3843137254901965;4.4941176470588236;5.007843137254902;7.247058823529412;13.08235294117647;0.0;0.0;0.0;0.0;0.0;0.0;0.0;0.0;0.0;0.0;0.0;0.0;0.0;0.0;0.0;0.0"
ү;56.16078431372549;0.035100490196078436;32.8078431372549;0.020504901960784312;34.752941176470586;0.021720588235294117;102.5921568627451;0.06412009803921569;226.31372549019608;0.03536151960784314;44.387090625541504;40.83314850112632;0.5548386328192688;0.5104143562640789;5587.217203597434;25834.41483339619;0.00013640667000970296;0.0006307230183934617;"0.0;0.0;0.0;0.0;0.0;0.0;0.0;0.0;0.0;0.0;0.0;0.0;0.0;0.0;0.0;0.0;0.0;0.0;0.0;0.0;0.0;0.0;0.0;0.0;0.0;0.0;0.0;0.0;0.0;1.0392156862745099;1.3137254901960784;1.9254901960784314;3.2470588235294118;5.486274509803922;7.909803921568628;10.909803921568628;13.772549019607844;14.580392156862745;14.050980392156863;16.67843137254902;22.83137254901961;20.0;17.454901960784312;16.992156862745098;9.156862745098039;6.533333333333333;7.145098039215687;7.462745098039216;7.6;7.627450980392157;5.270588235294118;3.1921568627450982;1.8627450980392157;1.2470588235294118;1.0235294117647058;0.0;0.0;0.0;0.0;0.0;0.0;0.0;0.0;0.0;0.0;0.0;0.0;0.0;0.0;0.0;0.0;0.0;0.0;0.0;0.0;0.0;0.0;0.0;0.0;0.0";"0.0;0.0;0.0;0.0;0.0;0.0;0.0;0.0;0.0;0.0;0.0;0.0;0.0;0.0;0.0;0.0;0.0;0.0;0.0;0.0;0.0;0.0;0.0;0.0;0.0;0.0;0.0;0.0;0.0;0.0;20.027450980392157;12.4;8.168627450980392;7.231372549019608;6.968627450980392;6.913725490196079;6.874509803921568;6.8392156862745095;6.792156862745098;6.752941176470588;6.7176470588235295;6.674509803921569;6.63921568627451;6.592156862745098;6.564705882352941;6.517647058823529;6.47843137254902;6.447058823529412;6.03921568627451;5.207843137254902;4.482352941176471;4.345098039215686;4.345098039215686;4.345098039215686;4.345098039215686;4.345098039215686;4.345098039215686;4.345098039215686;4.352941176470588;4.3843137254901965;4.4941176470588236;5.007843137254902;7.247058823529412;13.08235294117647;0.0;0.0;0.0;0.0;0.0;0.0;0.0;0.0;0.0;0.0;0.0;0.0;0.0;0.0;0.0;0.0"
ф;49.92549019607843;0.031203431372549016;139.54509803921567;0.08721568627450979;61.247058823529414;0.03827941176470588;164.11764705882354;0.10257352941176472;414.83529411764704;0.06481801470588235;40.90260249756577;42.286435438586544;0.5112825312195721;0.5285804429823318;24278.262769454224;52268.8843667938;0.0005927310246448786;0.0012760958097361766;"0.0;0.0;0.0;0.0;0.0;0.0;0.0;0.0;0.0;0.0;0.0;0.0;0.0;0.0;0.0;0.0;0.0;0.0;0.0;0.0;0.0;0.0;0.0;0.0;0.0;0.0;0.0;0.0;5.294117647058823;12.435294117647059;16.08235294117647;18.615686274509805;18.372549019607842;9.141176470588235;5.898039215686275;4.364705882352941;3.8588235294117648;5.345098039215686;5.482352941176471;6.2823529411764705;13.95686274509804;46.015686274509804;46.462745098039214;46.89019607843137;39.63137254901961;5.0;4.23921568627451;4.180392156862745;4.368627450980392;4.180392156862745;4.7176470588235295;6.592156862745098;11.925490196078432;19.76078431372549;17.686274509803923;14.886274509803922;10.788235294117648;2.380392156862745;0.0;0.0;0.0;0.0;0.0;0.0;0.0;0.0;0.0;0.0;0.0;0.0;0.0;0.0;0.0;0.0;0.0;0.0;0.0;0.0;0.0;0.0";"0.0;0.0;0.0;0.0;0.0;0.0;0.0;0.0;0.0;0.0;0.0;0.0;0.0;0.0;0.0;0.0;0.0;2.231372549019608;4.470588235294118;6.713725490196079;6.847058823529411;4.3882352941176475;4.117647058823529;4.015686274509804;3.9647058823529413;3.9450980392156865;3.9411764705882355;3.9411764705882355;3.9411764705882355;3.9411764705882355;12.447058823529412;18.75686274509804;14.941176470588236;12.533333333333333;11.847058823529412;12.058823529411764;12.31764705882353;12.541176470588235;12.72549019607843;12.843137254901961;12.890196078431373;12.905882352941177;12.807843137254903;12.737254901960783;12.525490196078431;12.352941176470589;12.066666666666666;11.807843137254903;11.564705882352941;12.282352941176471;14.72549019607843;18.686274509803923;12.501960784313725;3.9411764705882355;3.9411764705882355;3.9411764705882355;3.9411764705882355;3.9411764705882355;3.9490196078431374;4.003921568627451;4.172549019607843;4.603921568627451;6.556862745098039;12.51764705882353;0.0;0.0;0.0;0.0;0.0;0.0;0.0;0.0;0.0;0.0;0.0;0.0;0.0;0.0;0.0;0.0"
х;47.70196078431373;0.029813725490196077;35.83921568627451;0.022399509803921566;35.23137254901961;0.022019607843137258;75.97254901960784;0.0474828431372549;194.7450980392157;0.030428921568627452;41.97281514297221;41.14269029399919;0.5246601892871526;0.5142836286749899;5959.4544963793005;11378.32666840397;0.00014549449454051027;0.0002777911784278313;"0.0;0.0;0.0;0.0;0.0;0.0;0.0;0.0;0.0;0.0;0.0;0.0;0.0;0.0;0.0;0.0;0.0;0.0;0.0;0.0;0.0;0.0;0.0;0.0;0.0;0.0;0.0;0.0;0.0;0.4588235294117647;2.2705882352941176;3.0392156862745097;4.533333333333333;6.67843137254902;9.184313725490195;10.494117647058824;11.0;11.68235294117647;12.411764705882353;11.180392156862744;8.450980392156863;7.133333333333334;8.109803921568627;10.572549019607843;12.31764705882353;14.149019607843137;13.941176470588236;11.27450980392157;8.745098039215685;6.43921568627451;4.588235294117647;3.1254901960784314;1.4588235294117646;1.1372549019607843;0.3686274509803922;0.0;0.0;0.0;0.0;0.0;0.0;0.0;0.0;0.0;0.0;0.0;0.0;0.0;0.0;0.0;0.0;0.0;0.0;0.0;0.0;0.0;0.0;0.0;0.0;0.0";"0.0;0.0;0.0;0.0;0.0;0.0;0.0;0.0;0.0;0.0;0.0;0.0;0.0;0.0;0.0;0.0;0.0;0.0;0.0;0.0;0.0;0.0;0.0;0.0;0.0;0.0;0.0;0.0;0.0;0.0;0.0;18.823529411764707;12.313725490196079;8.713725490196078;7.811764705882353;7.541176470588235;7.427450980392157;7.325490196078431;7.223529411764706;6.36078431372549;5.0588235294117645;4.866666666666666;5.188235294117647;6.56078431372549;7.074509803921568;7.078431372549019;7.094117647058823;7.101960784313725;7.113725490196078;7.203921568627451;7.474509803921569;8.427450980392157;12.392156862745098;18.568627450980394;0.0;0.0;0.0;0.0;0.0;0.0;0.0;0.0;0.0;0.0;0.0;0.0;0.0;0.0;0.0;0.0;0.0;0.0;0.0;0.0;0.0;0.0;0.0;0.0;0.0;0.0"
һ;101.15686274509804;0.06322303921568627;50.63529411764706;0.03164705882352941;68.50588235294117;0.04281617647058823;70.49019607843137;0.044056372549019604;290.7882352941176;0.04543566176470588;38.554449703982414;40.10632358295909;0.48193062129978015;0.5013290447869887;12923.410764203729;29142.187879686946;0.0003155129581104426;0.0007114791962814196;"0.0;0.0;0.0;0.0;0.0;0.0;0.0;0.0;0.0;0.0;0.0;0.0;0.0;0.0;0.0;0.0;0.0;0.0;0.0;0.0;0.0;0.0;0.0;0.0;0.0;0.0;0.0;0.0;0.0;0.8313725490196079;2.203921568627451;2.6745098039215685;4.149019607843138;28.67058823529412;35.27450980392157;35.68235294117647;35.984313725490196;18.49019607843137;2.9647058823529413;2.7372549019607844;2.8745098039215686;2.407843137254902;2.447058823529412;3.5215686274509803;4.184313725490196;4.984313725490196;7.403921568627451;22.56078431372549;22.007843137254902;21.062745098039215;19.188235294117646;5.4;1.3411764705882352;1.0627450980392157;0.6784313725490196;0.0;0.0;0.0;0.0;0.0;0.0;0.0;0.0;0.0;0.0;0.0;0.0;0.0;0.0;0.0;0.0;0.0;0.0;0.0;0.0;0.0;0.0;0.0;0.0;0.0";"0.0;0.0;0.0;0.0;0.0;0.0;0.0;0.0;0.0;0.0;0.0;0.0;0.0;0.0;0.0;0.0;0.0;0.0;2.4;4.862745098039215;7.2784313725490195;6.333333333333333;4.529411764705882;4.337254901960784;4.2745098039215685;4.247058823529412;4.231372549019608;4.223529411764706;4.223529411764706;4.223529411764706;4.223529411764706;8.717647058823529;12.329411764705883;14.345098039215687;12.058823529411764;10.333333333333334;9.239215686274509;8.486274509803922;8.450980392156863;8.443137254901961;8.443137254901961;8.443137254901961;8.443137254901961;8.443137254901961;8.443137254901961;8.443137254901961;8.443137254901961;8.443137254901961;8.443137254901961;8.48235294117647;8.698039215686274;9.52156862745098;13.345098039215687;22.96078431372549;0.0;0.0;0.0;0.0;0.0;0.0;0.0;0.0;0.0;0.0;0.0;0.0;0.0;0.0;0.0;0.0;0.0;0.0;0.0;0.0;0.0;0.0;0.0;0.0;0.0;0.0"
ц;51.56470588235294;0.032227941176470584;52.42745098039216;0.032767156862745096;65.8;0.041124999999999995;87.70588235294117;0.054816176470588236;257.4980392156863;0.04023406862745098;42.152447382047455;42.06020224787549;0.5269055922755932;0.5257525280984436;14506.043217702541;16425.309810610608;0.00035415144574469097;0.00040100854029811057;"0.0;0.0;0.0;0.0;0.0;0.0;0.0;0.0;0.0;0.0;0.0;0.0;0.0;0.0;0.0;0.0;0.0;0.0;0.0;0.0;0.0;0.0;0.0;0.0;0.0;0.0;0.0;0.0;0.0;1.6862745098039216;2.1921568627450982;2.835294117647059;10.415686274509804;23.0;23.0;23.0;21.32549019607843;4.078431372549019;3.0313725490196077;2.8;2.176470588235294;1.7529411764705882;1.7529411764705882;2.3568627450980393;2.83921568627451;3.156862745098039;5.737254901960784;23.141176470588235;23.301960784313724;23.529411764705884;23.886274509803922;8.650980392156862;5.36078431372549;7.066666666666666;5.423529411764706;0.0;0.0;0.0;0.0;0.0;0.0;0.0;0.0;0.0;0.0;0.0;0.0;0.0;0.0;0.0;0.0;0.0;0.0;0.0;0.0;0.0;0.0;0.0;0.0;0.0";"0.0;0.0;0.0;0.0;0.0;0.0;0.0;0.0;0.0;0.0;0.0;0.0;0.0;0.0;0.0;0.0;0.0;0.0;0.0;0.0;0.0;0.0;0.0;0.0;0.0;0.0;0.0;0.0;0.0;0.0;22.50980392156863;13.184313725490195;9.325490196078432;8.635294117647058;8.435294117647059;8.380392156862746;8.380392156862746;8.380392156862746;8.380392156862746;8.380392156862746;8.380392156862746;8.380392156862746;8.380392156862746;8.380392156862746;8.380392156862746;8.380392156862746;8.380392156862746;8.388235294117647;8.466666666666667;8.737254901960783;9.576470588235294;19.658823529411766;25.49019607843137;5.588235294117647;3.1411764705882352;2.1176470588235294;1.5137254901960784;1.1647058823529413;1.0;0.0;0.0;0.0;0.0;0.0;0.0;0.0;0.0;0.0;0.0;0.0;0.0;0.0;0.0;0.0;0.0;0.0;0.0;0.0;0.0;0.0"
ч;46.82745098039216;0.0292671568627451;48.80392156862745;0.030502450980392157;24.886274509803922;0.01555392156862745;80.23137254901961;0.050144607843137255;200.74901960784314;0.03136703431372549;40.263014983102494;42.934265788908206;0.5032876872887811;0.5366783223613526;8194.587468155592;9295.650063794148;0.00020006317060926738;0.00022694458163559933;"0.0;0.0;0.0;0.0;0.0;0.0;0.0;0.0;0.0;0.0;0.0;0.0;0.0;0.0;0.0;0.0;0.0;0.0;0.0;0.0;0.0;0.0;0.0;0.0;0.0;0.0;0.0;0.0;0.0;0.23529411764705882;1.0627450980392157;1.2862745098039217;2.3215686274509806;12.2;13.2;13.611764705882353;13.850980392156863;7.007843137254902;3.792156862745098;3.145098039215686;2.607843137254902;1.7294117647058824;2.6705882352941175;3.6627450980392156;3.937254901960784;5.066666666666666;19.090196078431372;23.0;23.0;23.0;13.866666666666667;3.074509803921569;2.2509803921568627;2.0470588235294116;0.03137254901960784;0.0;0.0;0.0;0.0;0.0;0.0;0.0;0.0;0.0;0.0;0.0;0.0;0.0;0.0;0.0;0.0;0.0;0.0;0.0;0.0;0.0;0.0;0.0;0.0;0.0";"0.0;0.0;0.0;0.0;0.0;0.0;0.0;0.0;0.0;0.0;0.0;0.0;0.0;0.0;0.0;0.0;0.0;0.0;0.0;0.0;0.0;0.0;0.0;0.0;0.0;0.0;0.0;0.0;0.0;0.0;0.0;22.192156862745097;13.239215686274509;9.4;8.686274509803921;8.466666666666667;8.411764705882353;8.411764705882353;8.411764705882353;8.411764705882353;8.447058823529412;8.862745098039216;12.054901960784314;15.952941176470588;11.027450980392157;4.223529411764706;4.223529411764706;4.223529411764706;4.223529411764706;4.258823529411765;4.3803921568627455;4.76078431372549;6.662745098039216;11.815686274509805;0.0;0.0;0.0;0.0;0.0;0.0;0.0;0.0;0.0;0.0;0.0;0.0;0.0;0.0;0.0;0.0;0.0;0.0;0.0;0.0;0.0;0.0;0.0;0.0;0.0;0.0"
ш;49.46666666666667;0.03091666666666667;93.45098039215686;0.05840686274509804;77.1921568627451;0.048245098039215686;143.56470588235294;0.0897279411764706;363.6745098039216;0.056824142156862746;42.42254979134541;43.5041030009597;0.5302818723918177;0.5438012875119963;42833.76740709073;20975.3018191229;0.001045746274587176;0.0005120923295684302;"0.0;0.0;0.0;0.0;0.0;0.0;0.0;0.0;0.0;0.0;0.0;0.0;0.0;0.0;0.0;0.0;0.0;0.0;0.0;0.0;0.0;0.0;0.0;0.0;0.0;1.6862745098039216;2.196078431372549;2.850980392156863;10.443137254901961;23.0;23.0;23.0;21.349019607843136;4.152941176470589;3.0588235294117645;2.8078431372549018;2.176470588235294;1.7529411764705882;2.368627450980392;2.815686274509804;3.1137254901960785;6.019607843137255;23.0;23.0;23.0;23.0;6.666666666666667;3.1882352941176473;2.847058823529412;1.9725490196078432;1.7529411764705882;2.1294117647058823;2.796078431372549;3.007843137254902;3.8823529411764706;20.521568627450982;23.0;23.0;23.0;11.235294117647058;2.8901960784313725;2.207843137254902;1.7843137254901962;0.0;0.0;0.0;0.0;0.0;0.0;0.0;0.0;0.0;0.0;0.0;0.0;0.0;0.0;0.0;0.0;0.0";"0.0;0.0;0.0;0.0;0.0;0.0;0.0;0.0;0.0;0.0;0.0;0.0;0.0;0.0;0.0;0.0;0.0;0.0;0.0;0.0;0.0;0.0;0.0;0.0;0.0;0.0;0.0;0.0;0.0;0.0;0.0;33.34117647058824;19.694117647058825;13.988235294117647;12.949019607843137;12.654901960784313;12.572549019607843;12.572549019607843;12.572549019607843;12.572549019607843;12.572549019607843;12.572549019607843;12.572549019607843;12.572549019607843;12.572549019607843;12.572549019607843;12.572549019607843;12.572549019607843;12.580392156862745;12.670588235294117;13.003921568627451;14.262745098039217;29.949019607843137;37.70980392156863;0.0;0.0;0.0;0.0;0.0;0.0;0.0;0.0;0.0;0.0;0.0;0.0;0.0;0.0;0.0;0.0;0.0;0.0;0.0;0.0;0.0;0.0;0.0;0.0;0.0;0.0"
щ;53.65882352941176;0.03353676470588235;101.8313725490196;0.06364460784313725;73.0;0.045625;149.4156862745098;0.09338480392156862;377.90588235294115;0.05904779411764705;41.91566527613474;44.14918124649773;0.5239458159516842;0.5518647655812217;46887.409295687634;23360.202398820184;0.0011447121410079989;0.0005703174413774459;"0.0;0.0;0.0;0.0;0.0;0.0;0.0;0.0;0.0;0.0;0.0;0.0;0.0;0.0;0.0;0.0;0.0;0.0;0.0;0.0;0.0;0.0;0.0;0.0;0.0;1.6862745098039216;2.196078431372549;2.850980392156863;10.443137254901961;23.0;23.0;23.0;21.349019607843136;4.152941176470589;3.0588235294117645;2.8078431372549018;2.176470588235294;1.7529411764705882;2.368627450980392;2.815686274509804;3.1137254901960785;6.019607843137255;23.0;23.0;23.0;23.0;6.666666666666667;3.1882352941176473;2.847058823529412;1.9725490196078432;1.7529411764705882;2.1294117647058823;2.796078431372549;3.011764705882353;3.925490196078431;20.615686274509805;23.227450980392156;23.41176470588235;23.729411764705883;12.474509803921569;5.023529411764706;6.286274509803921;7.0549019607843135;0.0;0.0;0.0;0.0;0.0;0.0;0.0;0.0;0.0;0.0;0.0;0.0;0.0;0.0;0.0;0.0;0.0";"0.0;0.0;0.0;0.0;0.0;0.0;0.0;0.0;0.0;0.0;0.0;0.0;0.0;0.0;0.0;0.0;0.0;0.0;0.0;0.0;0.0;0.0;0.0;0.0;0.0;0.0;0.0;0.0;0.0;0.0;33.34117647058824;19.694117647058825;13.988235294117647;12.949019607843137;12.654901960784313;12.572549019607843;12.572549019607843;12.572549019607843;12.572549019607843;12.572549019607843;12.572549019607843;12.572549019607843;12.572549019607843;12.572549019607843;12.572549019607843;12.572549019607843;12.572549019607843;12.580392156862745;12.670588235294117;13.003921568627451;14.262745098039217;29.949019607843137;37.70980392156863;5.3843137254901965;3.0392156862745097;2.0862745098039217;1.5215686274509803;1.188235294117647;1.011764705882353;0.0;0.0;0.0;0.0;0.0;0.0;0.0;0.0;0.0;0.0;0.0;0.0;0.0;0.0;0.0;0.0;0.0;0.0;0.0;0.0;0.0"
ъ;48.937254901960785;0.03058578431372549;15.098039215686274;0.009436274509803921;50.10980392156863;0.031318627450980394;94.75686274509803;0.05922303921568627;208.9019607843137;0.03264093137254902;42.96382579312934;41.61499906138539;0.5370478224141167;0.5201874882673174;7946.607904901775;10573.095263934745;0.000194008982053266;0.00025813220859215684;"0.0;0.0;0.0;0.0;0.0;0.0;0.0;0.0;0.0;0.0;0.0;0.0;0.0;0.0;0.0;0.0;0.0;0.0;0.0;0.0;0.0;0.0;0.0;0.0;0.0;0.0;0.0;0.0;0.0;1.4549019607843137;5.2823529411764705;3.556862745098039;2.556862745098039;2.83921568627451;3.007843137254902;3.196078431372549;8.152941176470588;23.0;23.0;23.0;23.0;6.270588235294118;4.933333333333334;4.603921568627451;4.580392156862745;4.215686274509804;4.219607843137255;5.047058823529412;6.690196078431373;10.443137254901961;10.96078431372549;9.925490196078432;8.388235294117647;5.8392156862745095;0.7372549019607844;0.0;0.0;0.0;0.0;0.0;0.0;0.0;0.0;0.0;0.0;0.0;0.0;0.0;0.0;0.0;0.0;0.0;0.0;0.0;0.0;0.0;0.0;0.0;0.0;0.0";"0.0;0.0;0.0;0.0;0.0;0.0;0.0;0.0;0.0;0.0;0.0;0.0;0.0;0.0;0.0;0.0;0.0;0.0;0.0;0.0;0.0;0.0;0.0;0.0;0.0;0.0;0.0;0.0;0.0;0.0;0.0;15.24705882352941;11.713725490196078;7.23921568627451;6.086274509803921;5.650980392156863;5.43921568627451;4.219607843137255;4.219607843137255;4.219607843137255;4.219607843137255;11.666666666666666;13.83921568627451;10.04313725490196;9.466666666666667;9.231372549019607;9.113725490196078;9.062745098039215;9.070588235294117;9.188235294117646;9.450980392156863;10.152941176470588;15.156862745098039;15.20392156862745;0.0;0.0;0.0;0.0;0.0;0.0;0.0;0.0;0.0;0.0;0.0;0.0;0.0;0.0;0.0;0.0;0.0;0.0;0.0;0.0;0.0;0.0;0.0;0.0;0.0;0.0"
ы;48.69803921568627;0.03043627450980392;48.509803921568626;0.030318627450980393;83.00392156862745;0.051877450980392155;131.33333333333334;0.08208333333333334;311.54509803921565;0.048678921568627444;43.09035295302351;42.87611399224611;0.5386294119127939;0.5359514249030763;28455.642015339945;15714.90763334587;0.0006947178226401353;0.0003836647371422332;"0.0;0.0;0.0;0.0;0.0;0.0;0.0;0.0;0.0;0.0;0.0;0.0;0.0;0.0;0.0;0.0;0.0;0.0;0.0;0.0;0.0;0.0;0.0;0.0;0.0;0.0;0.0;1.7529411764705882;2.203921568627451;2.8627450980392157;11.027450980392157;23.0;23.0;23.0;20.83921568627451;5.552941176470588;4.815686274509804;4.643137254901961;4.709803921568628;4.294117647058823;4.52156862745098;5.3843137254901965;7.117647058823529;11.0;10.737254901960783;9.627450980392156;7.976470588235294;5.047058823529412;2.015686274509804;2.16078431372549;2.5019607843137255;4.219607843137255;22.392156862745097;23.0;23.0;23.0;9.596078431372549;2.780392156862745;2.196078431372549;1.5686274509803921;0.0;0.0;0.0;0.0;0.0;0.0;0.0;0.0;0.0;0.0;0.0;0.0;0.0;0.0;0.0;0.0;0.0;0.0;0.0;0.0";"0.0;0.0;0.0;0.0;0.0;0.0;0.0;0.0;0.0;0.0;0.0;0.0;0.0;0.0;0.0;0.0;0.0;0.0;0.0;0.0;0.0;0.0;0.0;0.0;0.0;0.0;0.0;0.0;0.0;0.0;0.0;23.886274509803922;13.168627450980392;9.345098039215687;8.674509803921568;8.470588235294118;8.415686274509804;8.415686274509804;8.415686274509804;8.415686274509804;8.498039215686275;16.08235294117647;17.937254901960785;14.341176470588236;13.631372549019607;13.388235294117647;13.286274509803922;13.254901960784315;13.258823529411766;13.388235294117647;13.803921568627452;14.949019607843137;21.63921568627451;26.87843137254902;0.0;0.0;0.0;0.0;0.0;0.0;0.0;0.0;0.0;0.0;0.0;0.0;0.0;0.0;0.0;0.0;0.0;0.0;0.0;0.0;0.0;0.0;0.0;0.0;0.0;0.0"
і;13.564705882352941;0.008477941176470587;48.67843137254902;0.030424019607843137;13.07843137254902;0.008174019607843136;56.286274509803924;0.03517892156862745;131.6078431372549;0.020563725490196076;39.25455899880811;40.88977949940406;0.49068198748510133;0.5111222437425507;406.0207622286101;14306.84824499287;9.912616265346928e-06;0.00034928828723127127;"0.0;0.0;0.0;0.0;0.0;0.0;0.0;0.0;0.0;0.0;0.0;0.0;0.0;0.0;0.0;0.0;0.0;0.0;0.0;0.0;0.0;0.0;0.0;0.0;0.0;0.0;0.0;0.0;0.0;0.0;0.0;0.0;0.0;0.0;0.0;0.4235294117647059;2.0862745098039217;2.4196078431372547;3.5764705882352943;18.137254901960784;26.690196078431374;27.50980392156863;27.49019607843137;19.180392156862744;1.7529411764705882;1.1490196078431372;1.0196078431372548;0.17254901960784313;0.0;0.0;0.0;0.0;0.0;0.0;0.0;0.0;0.0;0.0;0.0;0.0;0.0;0.0;0.0;0.0;0.0;0.0;0.0;0.0;0.0;0.0;0.0;0.0;0.0;0.0;0.0;0.0;0.0;0.0;0.0;0.0";"0.0;0.0;0.0;0.0;0.0;0.0;0.0;0.0;0.0;0.0;0.0;0.0;0.0;0.0;0.0;0.0;0.0;0.0;2.756862745098039;4.627450980392157;5.0549019607843135;4.6117647058823525;2.76078431372549;0.0;0.0;0.0;0.0;0.0;0.0;0.0;0.0;2.4156862745098038;4.984313725490196;7.447058823529412;5.976470588235294;4.509803921568627;4.345098039215686;4.2784313725490195;4.243137254901961;4.231372549019608;4.223529411764706;4.223529411764706;4.223529411764706;4.223529411764706;4.223529411764706;4.223529411764706;4.223529411764706;4.223529411764706;4.223529411764706;4.250980392156863;4.3882352941176475;4.827450980392157;6.588235294117647;11.298039215686275;0.0;0.0;0.0;0.0;0.0;0.0;0.0;0.0;0.0;0.0;0.0;0.0;0.0;0.0;0.0;0.0;0.0;0.0;0.0;0.0;0.0;0.0;0.0;0.0;0.0;0.0"
ь;45.050980392156866;0.02815686274509804;3.631372549019608;0.0022696078431372548;68.03137254901961;0.042519607843137255;76.48235294117647;0.04780147058823529;193.19607843137254;0.03018688725490196;43.74982238912006;40.32962549477317;0.5468727798640007;0.5041203186846646;5996.09494741325;8817.864944885901;0.00014638903680208132;0.00021527990588100345;"0.0;0.0;0.0;0.0;0.0;0.0;0.0;0.0;0.0;0.0;0.0;0.0;0.0;0.0;0.0;0.0;0.0;0.0;0.0;0.0;0.0;0.0;0.0;0.0;0.0;0.0;0.0;0.0;0.0;0.0;0.0;1.6862745098039216;2.1921568627450982;2.835294117647059;10.415686274509804;23.0;23.0;23.0;21.352941176470587;5.6;4.827450980392157;4.647058823529412;4.705882352941177;4.294117647058823;4.4980392156862745;5.349019607843137;7.031372549019608;10.92156862745098;10.764705882352942;9.670588235294117;8.04313725490196;5.188235294117647;0.17254901960784313;0.0;0.0;0.0;0.0;0.0;0.0;0.0;0.0;0.0;0.0;0.0;0.0;0.0;0.0;0.0;0.0;0.0;0.0;0.0;0.0;0.0;0.0;0.0;0.0;0.0;0.0;0.0";"0.0;0.0;0.0;0.0;0.0;0.0;0.0;0.0;0.0;0.0;0.0;0.0;0.0;0.0;0.0;0.0;0.0;0.0;0.0;0.0;0.0;0.0;0.0;0.0;0.0;0.0;0.0;0.0;0.0;0.0;0.0;12.16078431372549;6.584313725490196;4.635294117647059;4.313725490196078;4.219607843137255;4.192156862745098;4.192156862745098;4.192156862745098;4.192156862745098;4.2784313725490195;11.858823529411765;13.709803921568627;10.113725490196078;9.407843137254902;9.16470588235294;9.062745098039215;9.031372549019608;9.035294117647059;9.129411764705882;9.423529411764706;10.176470588235293;14.952941176470588;15.168627450980392;0.0;0.0;0.0;0.0;0.0;0.0;0.0;0.0;0.0;0.0;0.0;0.0;0.0;0.0;0.0;0.0;0.0;0.0;0.0;0.0;0.0;0.0;0.0;0.0;0.0;0.0"
э;20.392156862745097;0.012745098039215686;43.52549019607843;0.02720343137254902;12.91764705882353;0.008073529411764707;71.69411764705882;0.04480882352941176;148.52941176470586;0.02320772058823529;41.100752475247525;43.73673927392739;0.5137594059405941;0.5467092409240923;4050.2354011777647;7036.076582566492;9.888270022406652e-05;0.00017177921344156474;"0.0;0.0;0.0;0.0;0.0;0.0;0.0;0.0;0.0;0.0;0.0;0.0;0.0;0.0;0.0;0.0;0.0;0.0;0.0;0.0;0.0;0.0;0.0;0.0;0.0;0.0;0.0;0.0;0.0;0.0;0.0;0.09019607843137255;1.227450980392157;6.454901960784314;6.894117647058824;4.254901960784314;3.454901960784314;3.0941176470588236;3.0470588235294116;4.792156862745098;5.023529411764706;5.290196078431372;5.803921568627451;6.572549019607843;7.8392156862745095;9.925490196078432;15.321568627450981;17.847058823529412;15.95686274509804;13.443137254901961;9.8;2.396078431372549;0.0;0.0;0.0;0.0;0.0;0.0;0.0;0.0;0.0;0.0;0.0;0.0;0.0;0.0;0.0;0.0;0.0;0.0;0.0;0.0;0.0;0.0;0.0;0.0;0.0;0.0;0.0;0.0";"0.0;0.0;0.0;0.0;0.0;0.0;0.0;0.0;0.0;0.0;0.0;0.0;0.0;0.0;0.0;0.0;0.0;0.0;0.0;0.0;0.0;0.0;0.0;0.0;0.0;0.0;0.0;0.0;0.0;0.0;0.0;6.898039215686275;12.258823529411766;8.847058823529412;7.352941176470588;6.6196078431372545;6.1686274509803924;5.949019607843137;4.901960784313726;4.921568627450981;4.890196078431373;12.419607843137255;10.51764705882353;4.650980392156863;4.584313725490196;4.407843137254902;4.254901960784314;4.019607843137255;3.8588235294117648;4.713725490196079;5.184313725490196;5.9411764705882355;9.094117647058823;6.074509803921568;0.0;0.0;0.0;0.0;0.0;0.0;0.0;0.0;0.0;0.0;0.0;0.0;0.0;0.0;0.0;0.0;0.0;0.0;0.0;0.0;0.0;0.0;0.0;0.0;0.0;0.0"
ю;49.69803921568627;0.03106127450980392;76.91764705882353;0.04807352941176471;87.23529411764706;0.05452205882352941;117.33333333333333;0.07333333333333333;331.1843137254902;0.05174754901960785;41.96888173163454;42.16377350447591;0.5246110216454317;0.5270471688059489;38511.66215160625;15139.844004669552;0.0009402261267481995;0.0003696250977702527;"0.0;0.0;0.0;0.0;0.0;0.0;0.0;0.0;0.0;0.0;0.0;0.0;0.0;0.0;0.0;0.0;0.0;0.0;0.0;0.0;0.0;0.0;0.0;0.0;0.0;1.7647058823529411;2.211764705882353;2.7529411764705882;11.007843137254902;23.0;23.0;23.0;21.03921568627451;5.513725490196078;4.1686274509803924;3.827450980392157;2.537254901960784;1.7529411764705882;2.549019607843137;8.807843137254903;12.83921568627451;15.56078431372549;17.59607843137255;15.176470588235293;8.870588235294118;6.549019607843137;5.137254901960785;4.341176470588235;3.83921568627451;3.6745098039215685;3.635294117647059;3.847058823529412;4.32156862745098;5.12156862745098;6.666666666666667;9.650980392156862;17.258823529411764;16.96470588235294;14.694117647058823;11.64313725490196;6.788235294117647;0.07450980392156863;0.0;0.0;0.0;0.0;0.0;0.0;0.0;0.0;0.0;0.0;0.0;0.0;0.0;0.0;0.0;0.0;0.0;0.0";"0.0;0.0;0.0;0.0;0.0;0.0;0.0;0.0;0.0;0.0;0.0;0.0;0.0;0.0;0.0;0.0;0.0;0.0;0.0;0.0;0.0;0.0;0.0;0.0;0.0;0.0;0.0;0.0;0.0;0.0;0.0;17.525490196078433;17.376470588235293;13.52156862745098;12.698039215686274;12.670588235294117;12.866666666666667;13.101960784313725;13.341176470588236;13.513725490196078;13.670588235294117;19.568627450980394;18.141176470588235;13.701960784313725;13.6;13.423529411764706;13.227450980392156;12.972549019607843;12.745098039215685;12.584313725490196;12.615686274509804;13.431372549019608;17.32549019607843;17.56078431372549;0.0;0.0;0.0;0.0;0.0;0.0;0.0;0.0;0.0;0.0;0.0;0.0;0.0;0.0;0.0;0.0;0.0;0.0;0.0;0.0;0.0;0.0;0.0;0.0;0.0;0.0"
я;41.11372549019608;0.02569607843137255;52.54117647058823;0.03283823529411765;55.11372549019608;0.034446078431372554;85.75686274509803;0.05359803921568627;234.52549019607844;0.03664460784313726;41.97846297906494;41.78272356364123;0.5247307872383118;0.5222840445455154;6835.9008234743305;11774.212785557002;0.00016689210994810376;0.0002874563668348877;"0.0;0.0;0.0;0.0;0.0;0.0;0.0;0.0;0.0;0.0;0.0;0.0;0.0;0.0;0.0;0.0;0.0;0.0;0.0;0.0;0.0;0.0;0.0;0.0;0.0;0.0;0.0;0.0;0.0;0.03137254901960784;1.0392156862745099;1.2745098039215685;2.16078431372549;6.462745098039216;11.505882352941176;14.690196078431372;16.32941176470588;17.188235294117646;14.39607843137255;11.149019607843137;8.454901960784314;6.788235294117647;5.533333333333333;4.690196078431373;5.764705882352941;22.607843137254903;23.0;23.0;23.0;8.79607843137255;2.8862745098039215;2.231372549019608;1.5450980392156863;0.0;0.0;0.0;0.0;0.0;0.0;0.0;0.0;0.0;0.0;0.0;0.0;0.0;0.0;0.0;0.0;0.0;0.0;0.0;0.0;0.0;0.0;0.0;0.0;0.0;0.0;0.0";"0.0;0.0;0.0;0.0;0.0;0.0;0.0;0.0;0.0;0.0;0.0;0.0;0.0;0.0;0.0;0.0;0.0;0.0;0.0;0.0;0.0;0.0;0.0;0.0;0.0;0.0;0.0;0.0;0.0;0.0;0.0;14.47843137254902;14.36078431372549;10.058823529411764;9.39607843137255;9.172549019607843;9.07843137254902;9.047058823529412;9.027450980392157;9.035294117647059;9.141176470588235;9.745098039215685;11.054901960784314;9.72156862745098;8.850980392156863;8.858823529411765;8.870588235294118;8.874509803921569;8.886274509803922;8.937254901960785;9.094117647058823;9.572549019607843;11.854901960784314;17.4078431372549;0.0;0.0;0.0;0.0;0.0;0.0;0.0;0.0;0.0;0.0;0.0;0.0;0.0;0.0;0.0;0.0;0.0;0.0;0.0;0.0;0.0;0.0;0.0;0.0;0.0;0.0"
